{"data":{"projects":{"edges":[{"node":{"frontmatter":{"title":"Integrating Algolia Search with WordPress Multisite","tech":["Algolia","WordPress","PHP"],"github":"","external":"https://medium.com/stories-from-upstatement/integrating-algolia-search-with-wordpress-multisite-e2dea3ed449c"},"html":"<p>Building a custom multisite compatible WordPress plugin to build global search with Algolia</p>"}},{"node":{"frontmatter":{"title":"Time to Have More Fun","tech":["Next.js","Tailwind CSS","Firebase"],"github":"https://github.com/bchiang7/time-to-have-more-fun","external":"https://time-to-have-more-fun.now.sh/"},"html":"<p>A single page web app for helping me choose where to travel, built with Next.js, Firebase, and Tailwind CSS</p>"}},{"node":{"frontmatter":{"title":"Building a Headless Mobile App CMS From Scratch","tech":["Node","Express","Firebase","Vue"],"github":"","external":"https://medium.com/stories-from-upstatement/building-a-headless-mobile-app-cms-from-scratch-bab2d17744d9"},"html":"<p>Find out how we built a custom headless CMS with Node, Express, and Firebase for a project at Upstatement</p>"}},{"node":{"frontmatter":{"title":"Google Keep Clone","tech":["Vue","Firebase"],"github":"https://github.com/bchiang7/google-keep-vue-firebase","external":"https://keep-vue.netlify.com/"},"html":"<p>A simple Google Keep clone built with Vue and Firebase.</p>"}},{"node":{"frontmatter":{"title":"Apple Music Embeddable Web Player Widget","tech":["MusicKit.js","JS","SCSS"],"github":"","external":"https://tools.applemusic.com/en-us"},"html":"<p>Embeddable web player widget for Apple Music that lets users log in and listen to full song playback in the browser leveraging <a href=\"https://developer.apple.com/documentation/musickitjs\" target=\"_blank\" rel=\"nofollow noopener noreferrer\">MusicKit.js</a>. Read more about this project on <a href=\"https://9to5mac.com/2018/06/03/apple-music-embeddable-web-player-listen-browser/\" target=\"_blank\" rel=\"nofollow noopener noreferrer\">9to5Mac</a>.</p>"}},{"node":{"frontmatter":{"title":"Apple Music Facebook Messenger Integration","tech":["Ember","JS","SCSS"],"github":"","external":"https://www.theverge.com/2017/10/5/16433770/facebook-messenger-apple-music-bot-song-streaming"},"html":"<p>Facebook Messenger chat bot extension featuring authentication and full song streaming from within the Messenger app. Read more about it on <a href=\"https://www.theverge.com/2017/10/5/16433770/facebook-messenger-apple-music-bot-song-streaming\" target=\"_blank\" rel=\"nofollow noopener noreferrer\">The Verge</a>.</p>"}},{"node":{"frontmatter":{"title":"Personal Website V3","tech":["Jekyll","SCSS","JS"],"github":"https://github.com/bchiang7/bchiang7.github.io","external":"https://bchiang7.github.io/v3/"},"html":"<p>Third iteration of my personal website built with Jekyll and hosted on GitHub Pages.</p>"}},{"node":{"frontmatter":{"title":"Personal Website V2","tech":["Jekyll","SCSS","JS"],"github":"https://github.com/bchiang7/v2","external":"https://bchiang7.github.io/v2/"},"html":"<p>Second iteration of my personal website. Designed and developed with a conscious effort to avoid using any superfluous frameworks like Bootstrap.</p>"}},{"node":{"frontmatter":{"title":"Screentime 2.0","tech":["Cordova","Backbone","Marionette"],"github":"","external":"https://starry.com/blog/product/whats-new-screentime-just-got-better-for-parents"},"html":"<p>Starry Station android app feature that provided users with the ability to easily filter content, pause the internet, and even create custom rules for blocking apps like Facebook and Twitter right from their phones.</p>"}},{"node":{"frontmatter":{"title":"React Profile","tech":["React","CSS"],"github":"https://github.com/bchiang7/react-profile","external":"https://bchiang7.github.io/react-profile/"},"html":"<p>Online version of my 2016 resume made for fun. I was interested in learning React.js, so I found a simple tutorial and it spun into a weekend project.</p>"}},{"node":{"frontmatter":{"title":"Personal Website V1","tech":["HTML","CSS","JS","Bootstrap"],"github":"https://github.com/bchiang7/v1","external":"https://bchiang7.github.io/v1/"},"html":"<p>My first portfolio website I designed and built in 2014. I learned quite a bit about HTML, CSS, and SEO. Since then, I think my web development and design skills have improved immensely.</p>"}},{"node":{"frontmatter":{"title":"Fontipsums","tech":["HTML","SCSS"],"github":"https://github.com/bchiang7/fontipsums/","external":"http://bchiang7.github.io/fontipsums/"},"html":"<p>Simple website to display some of my favorite font pairings combined with some fun lorem ipsum variations found on the web.</p>"}},{"node":{"frontmatter":{"title":"NU Women in Tech","tech":["Jekyll","Bootstrap"],"github":"https://github.com/nuwit/website","external":"https://nuwit.ccs.neu.edu/"},"html":"<p>Complete overhaul and redesign of NU Women in Tech's club website using Jekyll, built while serving as web chair on the e-board.</p>"}}]}}}