{"data":{"jobs":{"edges":[{"node":{"frontmatter":{"title":"Engineer","company":"Upstatement","location":"Boston, MA","range":"May 2018 - Present","url":"https://www.upstatement.com/"},"html":"<ul>\n<li>Write modern, performant, maintainable code for a diverse array of client and internal projects</li>\n<li>Work with a variety of different languages, platforms, frameworks, and content management systems such as JavaScript, TypeScript, Gatsby, React, Craft, WordPress, Prismic, and Netlify</li>\n<li>Communicate with multi-disciplinary teams of engineers, designers, producers, and clients on a daily basis</li>\n</ul>"}},{"node":{"frontmatter":{"title":"Studio Developer","company":"Scout","location":"Northeastern University","range":"January - April 2018","url":"https://web.northeastern.edu/scout/"},"html":"<ul>\n<li>Worked with a team of three designers to build a marketing website and e-commerce platform for <a href=\"https://blistabloc.com\" target=\"_blank\" rel=\"nofollow noopener noreferrer\">blistabloc</a>, an ambitious startup originating from Northeastern</li>\n<li>Helped solidify a brand direction for blistabloc that spans both packaging and web</li>\n<li>Interfaced with clients on a weekly basis, providing technological expertise</li>\n</ul>"}},{"node":{"frontmatter":{"title":"UI Engineer Co-op","company":"Apple","location":"Cupertino, CA","range":"July - December 2017","url":"https://www.apple.com/music/"},"html":"<ul>\n<li>Developed and shipped highly interactive web applications for Apple Music using Ember.js</li>\n<li>Built and shipped the Apple Music Extension within Facebook Messenger leveraging third-party and internal APIs</li>\n<li>Architected and implemented the front-end of Apple Music's embeddable web player widget, which lets users log in and listen to full songs in the browser</li>\n<li>Contributed extensively to MusicKit.js, a JavaScript framework that allows developers to add an Apple Music player to their web apps</li>\n</ul>"}},{"node":{"frontmatter":{"title":"Studio Developer","company":"Scout","location":"Northeastern University","range":"January - June 2017","url":"https://web.northeastern.edu/scout/"},"html":"<ul>\n<li>Collaborated with a small team of student designers to spearhead a new brand and design system for Scout’s inaugural student-led design conference at Northeastern</li>\n<li>Worked closely with designers and management team to develop, document, and manage the conference’s marketing website using Jekyll, Sass, and JavaScript</li>\n</ul>"}},{"node":{"frontmatter":{"title":"Software Engineer Co-op","company":"Starry","location":"Boston, MA","range":"July - December 2016","url":"https://starry.com/"},"html":"<ul>\n<li>Engineered and maintained major features of Starry's customer-facing web app using ES6, Handlebars, Backbone, Marionette and CSS</li>\n<li>Proposed and implemented scalable solutions to issues identified with cloud services and applications responsible for communicating with Starry Station</li>\n<li>Interfaced with user experience designers and other developers to ensure thoughtful and coherent user experiences across Starry’s iOS and Android mobile apps</li>\n</ul>"}},{"node":{"frontmatter":{"title":"Creative Technologist Co-op","company":"MullenLowe","location":"Boston, MA","range":"July - December 2015","url":"https://us.mullenlowe.com/"},"html":"<ul>\n<li>Developed and maintained code for in-house and client websites primarily using HTML, CSS, Sass, JavaScript, and jQuery</li>\n<li>Manually tested sites in various browsers and mobile devices to ensure cross-browser compatibility and responsiveness</li>\n<li>Clients included JetBlue, Lovesac, U.S. Cellular, U.S. Department of Defense, and more</li>\n</ul>"}}]}}}